City_ID,City,Country,Date,Lat,Lng,Max Temp,Humidity,Cloudiness,Wind Speed
0,Mayumba,GA,2021-04-14 23:34:09,-3.432,10.6554,78.64,88,97,9.53
1,Kavaratti,IN,2021-04-14 23:28:21,10.5669,72.642,83.43,68,6,2.21
2,Grindavik,IS,2021-04-14 23:38:10,63.8424,-22.4338,42.8,93,75,14.97
3,Kurilsk,RU,2021-04-14 23:34:09,45.2333,147.8833,32.68,69,95,10.76
4,Puerto Escondido,MX,2021-04-14 23:34:10,15.85,-97.0667,84.2,74,75,5.75
5,Yilan,TW,2021-04-14 23:34:10,24.757,121.753,71.01,99,100,0.31
6,Heyang,CN,2021-04-14 23:34:10,26.1011,107.473,57.04,94,99,0.4
7,Lebu,CL,2021-04-14 23:35:11,-37.6167,-73.65,56.34,92,66,4.9
8,Inhambane,MZ,2021-04-14 23:34:10,-23.865,35.3833,71.46,78,0,5.75
9,Jamestown,US,2021-04-14 23:37:51,42.097,-79.2353,48.2,43,1,9.22
10,Katsuura,JP,2021-04-14 23:28:39,35.1333,140.3,52.0,38,73,1.99
11,Torbay,CA,2021-04-14 23:35:29,47.6666,-52.7314,34.0,93,90,10.36
12,Norman Wells,CA,2021-04-14 23:36:35,65.282,-126.8329,44.6,45,75,20.71
13,Victoria,HK,2021-04-14 23:36:41,22.2855,114.1577,73.0,92,97,21.59
14,Khatanga,RU,2021-04-14 23:38:10,71.9667,102.5,-11.96,97,41,8.61
15,Guelph,CA,2021-04-14 23:29:55,43.5501,-80.2497,53.01,53,90,13.8
16,Kieta,PG,2021-04-14 23:38:11,-6.2167,155.6333,82.45,78,78,5.37
17,Pangody,RU,2021-04-14 23:34:11,65.85,74.4859,35.74,99,100,16.2
18,Saskylakh,RU,2021-04-14 23:36:28,71.9167,114.0833,-1.66,95,63,4.03
19,Yinchuan,CN,2021-04-14 23:34:11,38.4681,106.2731,47.14,10,26,22.5
20,Bluff,NZ,2021-04-14 23:35:08,-46.6,168.3333,60.01,79,51,4.0
21,Hilo,US,2021-04-14 23:36:44,19.7297,-155.09,80.6,54,1,12.66
22,Soyo,AO,2021-04-14 23:29:06,-6.1349,12.3689,80.31,82,69,3.89
23,Punta Arenas,CL,2021-04-14 23:35:05,-53.15,-70.9167,37.4,87,0,17.27
24,Nanortalik,GL,2021-04-14 23:38:11,60.1432,-45.2371,33.1,89,22,12.46
25,Butaritari,KI,2021-04-14 23:38:12,3.0707,172.7902,81.39,78,86,7.54
26,Mataura,NZ,2021-04-14 23:38:12,-46.1927,168.8643,60.01,79,57,4.0
27,Alofi,NU,2021-04-14 23:38:12,-19.0595,-169.9187,80.6,69,40,5.75
28,Nikolskoye,RU,2021-04-14 23:38:12,59.7035,30.7861,37.99,69,0,4.47
29,Pevek,RU,2021-04-14 23:28:42,69.7008,170.3133,1.02,78,32,4.27
30,Faanui,PF,2021-04-14 23:37:27,-16.4833,-151.75,81.99,73,100,11.99
31,Chokurdakh,RU,2021-04-14 23:35:24,70.6333,147.9167,4.86,87,65,5.57
32,Kapaa,US,2021-04-14 23:38:13,22.0752,-159.319,78.8,61,40,16.11
33,Rikitea,PF,2021-04-14 23:36:19,-23.1203,-134.9692,78.33,69,8,5.68
34,Ucluelet,CA,2021-04-14 23:34:12,48.9329,-125.5528,62.6,45,20,12.66
35,Coahuayana,MX,2021-04-14 23:29:05,18.7333,-103.6833,84.2,54,40,17.27
36,Tuktoyaktuk,CA,2021-04-14 23:36:26,69.4541,-133.0374,26.6,80,90,6.91
37,Bafq,IR,2021-04-14 23:34:13,31.6128,55.4107,67.03,42,97,2.89
38,Ayan,RU,2021-04-14 23:34:13,56.45,138.1667,27.66,61,100,5.32
39,Akyab,MM,2021-04-14 23:34:13,20.15,92.9,78.51,83,91,2.08
40,Sao Jose Da Coroa Grande,BR,2021-04-14 23:34:14,-8.8978,-35.1478,77.07,87,53,6.67
41,Vaini,TO,2021-04-14 23:35:07,-21.2,-175.2,80.6,74,40,8.05
42,Phangnga,TH,2021-04-14 23:34:14,8.4509,98.5298,81.0,94,20,2.3
43,Bonavista,CA,2021-04-14 23:38:13,48.6499,-53.1147,33.01,80,78,3.44
44,Klaksvik,FO,2021-04-14 23:38:14,62.2266,-6.589,44.6,100,75,11.5
45,Tiksi,RU,2021-04-14 23:28:34,71.6872,128.8694,6.73,94,95,1.74
46,Arman,RU,2021-04-14 23:31:52,59.7,150.1667,24.31,73,100,12.19
47,Bambous Virieux,MU,2021-04-14 23:34:14,-20.3428,57.7575,78.8,83,40,11.5
48,Sibolga,ID,2021-04-14 23:38:14,1.7427,98.7792,77.16,82,79,3.06
49,Sungaipenuh,ID,2021-04-14 23:34:15,-2.0833,101.3833,65.64,95,99,2.15
50,Chicama,PE,2021-04-14 23:29:41,-7.8447,-79.1469,68.0,83,40,13.8
51,New Norfolk,AU,2021-04-14 23:35:44,-42.7826,147.0587,53.01,69,82,5.99
52,Hobart,AU,2021-04-14 23:38:14,-42.8794,147.3294,57.2,51,20,21.85
53,Busselton,AU,2021-04-14 23:35:06,-33.65,115.3333,62.58,65,98,3.67
54,Constantine,DZ,2021-04-14 23:34:15,36.365,6.6147,53.6,94,75,3.44
55,Ketchikan,US,2021-04-14 23:34:15,55.3422,-131.6461,53.6,58,1,9.22
56,Ushuaia,AR,2021-04-14 23:36:21,-54.8,-68.3,42.8,65,40,8.05
57,Maniitsoq,GL,2021-04-14 23:28:56,65.4167,-52.9,23.07,90,86,20.83
58,Aswan,EG,2021-04-14 23:29:12,24.0934,32.907,75.56,17,0,8.99
59,Jalu,LY,2021-04-14 23:28:19,29.0331,21.5482,65.84,45,28,11.45
60,Dikson,RU,2021-04-14 23:38:15,73.5069,80.5464,-21.3,100,100,5.97
61,Flinders,AU,2021-04-14 23:38:15,-34.5833,150.8552,68.0,54,9,1.99
62,Albany,US,2021-04-14 23:35:36,42.6001,-73.9662,66.2,42,75,3.44
63,Longyearbyen,SJ,2021-04-14 23:27:23,78.2186,15.6401,6.8,61,75,16.11
64,Severo-Kurilsk,RU,2021-04-14 23:38:16,50.6789,156.125,39.36,92,100,22.15
65,Mar Del Plata,AR,2021-04-14 23:35:58,-38.0023,-57.5575,66.99,72,0,4.61
66,Oneonta,US,2021-04-14 23:34:16,42.4529,-75.0638,54.0,78,91,4.0
67,Hermanus,ZA,2021-04-14 23:38:16,-34.4187,19.2345,64.0,88,32,1.99
68,Ponta Do Sol,PT,2021-04-14 23:38:16,32.6667,-17.1,64.4,72,20,5.75
69,San Francisco,US,2021-04-14 23:29:31,37.7749,-122.4194,62.6,59,20,18.41
70,Kodiak,US,2021-04-14 23:37:17,57.79,-152.4072,44.6,65,90,9.22
71,Gravdal,NO,2021-04-14 23:34:17,68.1214,13.5031,40.41,84,100,27.72
72,San Patricio,US,2021-04-14 23:38:17,28.017,-97.5169,87.8,66,40,13.8
73,Ust-Tsilma,RU,2021-04-14 23:30:52,65.441,52.1498,32.43,79,89,10.45
74,Iqaluit,CA,2021-04-14 23:30:13,63.7506,-68.5145,3.2,66,1,20.71
75,Wanxian,CN,2021-04-14 23:34:17,30.8039,108.3897,61.02,88,95,1.63
76,Bongandanga,CD,2021-04-14 23:34:17,1.5,21.05,72.3,80,26,1.9
77,Nuuk,GL,2021-04-14 23:31:48,64.1835,-51.7216,21.2,93,90,18.41
78,Ancud,CL,2021-04-14 23:38:17,-41.8697,-73.8203,51.01,83,47,5.99
79,Tasiilaq,GL,2021-04-14 23:36:41,65.6145,-37.6368,33.8,93,90,12.66
80,Aller,ES,2021-04-14 23:34:18,43.1187,-5.5839,45.0,76,64,2.39
81,Vila Velha,BR,2021-04-14 23:29:06,-20.3297,-40.2925,75.2,78,0,12.66
82,Ranong,TH,2021-04-14 23:34:18,9.9658,98.6348,75.2,100,20,0.45
83,Una,IN,2021-04-14 23:34:18,20.8167,71.0333,79.47,45,5,3.8
84,Avarua,CK,2021-04-14 23:35:02,-21.2078,-159.775,82.4,69,40,4.61
85,Mitsamiouli,KM,2021-04-14 23:31:02,-11.3847,43.2844,81.32,71,100,5.61
86,Porto Novo,BJ,2021-04-14 23:34:19,6.4965,2.6036,84.2,79,20,11.5
87,El Espino De Santa Rosa,PA,2021-04-14 23:34:19,8.1,-80.8167,77.0,88,99,5.46
88,Talnakh,RU,2021-04-14 23:38:18,69.4865,88.3972,6.01,95,100,6.89
89,East London,ZA,2021-04-14 23:36:52,-33.0153,27.9116,69.31,78,70,5.35
90,Teguise,ES,2021-04-14 23:34:19,29.0605,-13.564,68.0,77,20,4.61
91,Castro,BR,2021-04-14 23:38:18,-24.7911,-50.0119,56.7,86,99,7.85
92,Yerbogachen,RU,2021-04-14 23:30:50,61.2767,108.0108,21.81,81,61,4.9
93,Maralal,KE,2021-04-14 23:34:20,1.0968,36.698,59.9,72,75,4.79
94,Yulara,AU,2021-04-14 23:38:19,-25.2406,130.9889,64.4,55,75,10.36
95,Naifaru,MV,2021-04-14 23:34:20,5.4444,73.3657,81.97,73,40,6.44
96,Geraldton,AU,2021-04-14 23:38:19,-28.7667,114.6,59.0,67,0,12.66
97,Cape Town,ZA,2021-04-14 23:38:19,-33.9258,18.4232,63.0,88,0,6.91
98,Townsville,AU,2021-04-14 23:34:20,-19.25,146.8,78.8,57,20,4.61
99,Pivijay,CO,2021-04-14 23:34:21,10.4617,-74.6162,84.0,89,40,14.97
100,Khingansk,RU,2021-04-14 23:34:21,49.1167,131.1833,32.52,39,6,3.0
101,Mahon,ES,2021-04-14 23:34:21,39.8885,4.2658,53.6,76,0,4.61
102,Puerto Penasco,MX,2021-04-14 23:34:21,31.3167,-113.5333,70.0,56,98,11.01
103,Arlit,NE,2021-04-14 23:34:22,18.7369,7.3853,84.13,8,2,7.94
104,Atuona,PF,2021-04-14 23:38:20,-9.8,-139.0333,80.94,73,58,19.51
105,Namibe,AO,2021-04-14 23:34:22,-15.1961,12.1522,80.51,73,47,2.04
106,Lagoa,PT,2021-04-14 23:28:48,39.05,-27.9833,60.89,87,99,10.11
107,Bontang,ID,2021-04-14 23:34:22,0.1333,117.5,75.27,92,100,7.54
108,Tacuarembo,UY,2021-04-14 23:38:20,-31.7333,-55.9833,63.79,91,59,2.3
109,Ahome,MX,2021-04-14 23:34:22,25.9167,-109.1833,86.0,39,40,11.5
110,Oranjestad,AW,2021-04-14 23:38:21,12.524,-70.027,82.4,83,40,20.71
111,Esperance,AU,2021-04-14 23:36:29,-33.8667,121.9,55.4,100,16,6.91
112,Cairns,AU,2021-04-14 23:31:53,-16.9167,145.7667,84.0,69,14,9.22
113,Nicoya,CR,2021-04-14 23:34:23,10.1483,-85.452,87.8,55,40,13.8
114,Georgetown,MY,2021-04-14 23:34:24,5.4112,100.3354,79.0,88,20,1.14
115,Ilulissat,GL,2021-04-14 23:38:21,69.2167,-51.1,15.8,67,75,17.27
116,Pandan Niog,PH,2021-04-14 23:34:23,6.2282,120.5631,82.8,75,91,11.12
117,Vanimo,PG,2021-04-14 23:34:23,-2.6741,141.3028,79.25,83,100,4.09
118,Barra Patuca,HN,2021-04-14 23:34:24,15.8,-84.2833,78.98,81,100,8.52
119,Nueva Guinea,NI,2021-04-14 23:34:24,11.6876,-84.4562,77.14,76,35,12.35
120,Cidreira,BR,2021-04-14 23:38:13,-30.1811,-50.2056,71.64,68,38,18.32
121,Vestmannaeyjar,IS,2021-04-14 23:38:22,63.4427,-20.2734,45.27,86,87,25.05
122,Quelimane,MZ,2021-04-14 23:34:24,-17.8786,36.8883,74.8,70,61,3.2
123,Ribeira Grande,PT,2021-04-14 23:38:22,38.5167,-28.7,61.84,89,76,7.02
124,Asosa,ET,2021-04-14 23:34:25,10.0667,34.5333,72.39,14,80,2.84
125,Yellowknife,CA,2021-04-14 23:35:02,62.456,-114.3525,42.8,39,1,5.75
126,Vostochnyy,RU,2021-04-14 23:34:25,55.8167,37.8667,54.0,61,0,3.94
127,Rocha,UY,2021-04-14 23:38:22,-34.4833,-54.3333,58.32,94,6,6.26
128,Jennings,US,2021-04-14 23:34:25,38.7192,-90.2604,61.0,33,20,14.97
129,Along,IN,2021-04-14 23:29:18,28.1667,94.7667,65.66,68,61,1.3
130,Cravo Norte,CO,2021-04-14 23:38:05,6.3017,-70.2041,73.67,95,100,3.65
131,Chuy,UY,2021-04-14 23:36:27,-33.6971,-53.4616,62.26,83,0,8.21
132,Ahipara,NZ,2021-04-14 23:38:23,-35.1667,173.1667,65.39,65,58,11.74
133,Shingu,JP,2021-04-14 23:29:18,33.7333,135.9833,50.0,40,0,6.91
134,Lata,PT,2021-04-14 23:37:32,40.1629,-8.3327,61.0,94,100,2.8
135,Ginir,ET,2021-04-14 23:34:26,7.1333,40.7,57.94,70,31,5.3
136,Parakou,BJ,2021-04-14 23:34:26,9.3372,2.6303,80.78,61,57,10.47
137,Vizinga,RU,2021-04-14 23:34:26,61.0749,50.1031,49.28,89,94,7.78
138,Encs,HU,2021-04-14 23:34:27,48.3333,21.1333,37.99,70,75,3.44
139,Gurupa,BR,2021-04-14 23:34:27,-1.405,-51.64,75.15,97,94,2.82
140,Barcelos,PT,2021-04-14 23:38:23,41.5388,-8.6151,62.01,88,0,6.06
141,Bengkulu,ID,2021-04-14 23:29:43,-3.8004,102.2655,74.41,88,78,4.05
142,Cherskiy,RU,2021-04-14 23:38:24,68.75,161.3,14.4,67,32,4.74
143,Tarauaca,BR,2021-04-14 23:34:27,-8.1614,-70.7656,75.51,89,82,2.39
144,Makakilo City,US,2021-04-14 23:34:27,21.3469,-158.0858,82.4,44,75,8.05
145,Saldanha,ZA,2021-04-14 23:34:28,-33.0117,17.9442,73.4,49,63,10.36
146,Jumla,NP,2021-04-14 23:29:17,29.2747,82.1838,45.61,45,32,5.19
147,Codrington,AU,2021-04-14 23:36:19,-38.2667,141.9667,58.35,73,82,14.47
148,Barrow,US,2021-04-14 23:36:37,71.2906,-156.7887,15.8,73,1,13.8
149,Ugoofaaru,MV,2021-04-14 23:29:40,5.6667,73.0,82.72,71,51,5.5
150,Upernavik,GL,2021-04-14 23:28:29,72.7868,-56.1549,-7.49,96,98,5.88
151,Bredasdorp,ZA,2021-04-14 23:36:43,-34.5322,20.0403,51.8,93,8,3.44
152,Matara,LK,2021-04-14 23:37:16,5.9485,80.5353,77.14,86,94,0.89
153,Kochkurovo,RU,2021-04-14 23:34:28,54.0358,45.4184,47.32,83,3,4.47
154,Walvis Bay,NA,2021-04-14 23:29:07,-22.9575,14.5053,79.0,29,0,5.01
155,Thompson,CA,2021-04-14 23:38:25,55.7435,-97.8558,39.2,20,40,3.44
156,Half Moon Bay,US,2021-04-14 23:28:54,37.4636,-122.4286,66.2,71,1,5.75
157,Carlisle,US,2021-04-14 23:34:29,40.2015,-77.1889,57.99,80,100,1.01
158,Lasa,IT,2021-04-14 23:28:33,46.6166,10.7002,37.0,68,0,8.05
159,Hithadhoo,MV,2021-04-14 23:36:29,-0.6,73.0833,81.7,68,41,2.01
160,Westport,US,2021-04-14 23:28:33,41.1415,-73.3579,59.0,76,90,11.5
161,Tondano,ID,2021-04-14 23:34:29,1.3038,124.9112,77.0,94,20,2.84
162,Vredendal,ZA,2021-04-14 23:34:30,-31.6683,18.5012,81.64,19,38,5.61
163,Bethel,US,2021-04-14 23:33:54,41.3712,-73.414,66.2,42,90,9.22
164,Siniscola,IT,2021-04-14 23:34:30,40.5719,9.6922,42.8,87,0,2.3
165,Bathsheba,BB,2021-04-14 23:37:18,13.2167,-59.5167,78.8,69,40,8.05
166,Tabou,CI,2021-04-14 23:34:30,4.423,-7.3528,81.01,81,100,6.76
167,Chabahar,IR,2021-04-14 23:34:30,25.2919,60.643,79.21,67,38,5.03
168,Tukrah,LY,2021-04-14 23:34:31,32.5341,20.5791,59.41,82,46,6.4
169,Arraial Do Cabo,BR,2021-04-14 23:38:26,-22.9661,-42.0278,69.8,83,40,2.3
170,Tottori,JP,2021-04-14 23:34:31,35.5,134.2333,46.4,81,40,4.61
171,Anadyr,RU,2021-04-14 23:38:26,64.75,177.4833,8.6,66,20,4.47
172,Rawah,IQ,2021-04-14 23:34:31,34.4816,41.9093,61.05,26,0,7.34
173,Comodoro Rivadavia,AR,2021-04-14 23:38:26,-45.8667,-67.5,60.8,67,0,2.3
174,Sable-Sur-Sarthe,FR,2021-04-14 23:34:32,47.8376,-0.3329,41.0,56,0,6.91
175,Pisco,PE,2021-04-14 23:38:27,-13.7,-76.2167,68.0,77,0,13.8
176,Guhagar,IN,2021-04-14 23:34:32,17.4842,73.1929,78.64,70,0,2.59
177,Necochea,AR,2021-04-14 23:34:32,-38.5473,-58.7368,62.01,79,0,5.01
178,Eyl,SO,2021-04-14 23:34:32,7.9803,49.8164,79.34,73,43,6.02
179,Paamiut,GL,2021-04-14 23:38:27,61.994,-49.6678,25.43,80,85,26.69
180,Mahebourg,MU,2021-04-14 23:36:37,-20.4081,57.7,78.8,83,40,11.5
181,Isangel,VU,2021-04-14 23:38:27,-19.55,169.2667,85.23,65,20,2.35
182,Ewa Beach,US,2021-04-14 23:28:28,21.3156,-158.0072,82.4,44,75,8.05
183,Paka,MY,2021-04-14 23:29:57,4.6374,103.4368,73.0,100,20,3.04
184,Tateyama,JP,2021-04-14 23:34:33,34.9833,139.8667,52.0,50,75,21.85
185,Bubaque,GW,2021-04-14 23:31:03,11.2833,-15.8333,77.61,78,6,15.1
186,Port Alfred,ZA,2021-04-14 23:36:07,-33.5906,26.891,67.3,81,82,6.44
187,Najran,SA,2021-04-14 23:34:33,17.4924,44.1277,77.0,29,0,0.63
188,Qaanaaq,GL,2021-04-14 23:38:28,77.484,-69.3632,-11.2,67,0,6.06
189,Sovetskoye,RU,2021-04-14 23:34:34,52.2861,85.4131,33.19,92,99,2.37
190,Kichha,IN,2021-04-14 23:34:34,28.9167,79.5,74.89,20,10,4.61
191,Seddon,AU,2021-04-14 23:34:34,-37.8068,144.8916,64.0,51,90,12.66
192,Goya,AR,2021-04-14 23:30:52,-29.14,-59.2626,70.66,69,48,4.23
193,Mount Pleasant,US,2021-04-14 23:34:35,32.7941,-79.8626,72.0,83,1,6.91
194,Kahului,US,2021-04-14 23:38:29,20.8947,-156.47,80.6,50,40,18.41
195,Fairbanks,US,2021-04-14 23:29:14,64.8378,-147.7164,48.2,40,90,9.22
196,Belawan,ID,2021-04-14 23:34:35,3.7755,98.6832,75.2,100,40,2.95
197,Port Elizabeth,ZA,2021-04-14 23:38:29,-33.918,25.5701,59.0,100,20,4.61
198,Omboue,GA,2021-04-14 23:34:35,-1.5746,9.2618,76.39,91,100,2.37
199,Kudahuvadhoo,MV,2021-04-14 23:34:36,2.6708,72.8944,82.44,65,63,9.33
200,Zunyi,CN,2021-04-14 23:34:36,27.6867,106.9072,55.04,94,87,2.93
201,Tomatlan,MX,2021-04-14 23:38:29,19.9333,-105.25,84.47,41,4,9.1
202,Keta,GH,2021-04-14 23:31:01,5.9179,0.9879,84.2,84,40,6.91
203,Srednekolymsk,RU,2021-04-14 23:30:11,67.45,153.6833,12.9,71,18,5.35
204,Devonport,AU,2021-04-14 23:34:36,-41.1667,146.35,57.99,75,94,4.0
205,Lavrentiya,RU,2021-04-14 23:38:30,65.5833,-171.0,28.96,93,100,2.1
206,Kuytun,RU,2021-04-14 23:34:36,54.3419,101.5036,31.26,95,100,12.68
207,Shambu,ET,2021-04-14 23:34:37,9.5667,37.1,54.66,71,76,3.74
208,Kurumkan,RU,2021-04-14 23:34:37,54.3,110.3,30.0,67,83,3.15
209,Stara Vyzhivka,UA,2021-04-14 23:34:37,51.4376,24.44,36.03,97,100,4.79
210,Olafsvik,IS,2021-04-14 23:34:38,64.8945,-23.7142,41.61,92,46,15.03
211,Lompoc,US,2021-04-14 23:38:30,34.6391,-120.4579,59.0,58,78,11.5
212,Kargasok,RU,2021-04-14 23:34:38,59.0556,80.8572,35.11,99,100,6.93
213,Belmonte,BR,2021-04-14 23:36:35,-15.8631,-38.8828,73.4,83,75,4.61
214,Port Hardy,CA,2021-04-14 23:28:58,50.6996,-127.4199,53.6,62,40,11.5
215,Manta,EC,2021-04-14 23:34:38,-0.95,-80.7333,80.6,74,75,4.61
216,Hammerfest,NO,2021-04-14 23:29:14,70.6634,23.6821,30.2,64,75,3.44
217,Lensk,RU,2021-04-14 23:34:39,60.7253,114.9278,25.88,91,100,4.23
218,Chongwe,ZM,2021-04-14 23:34:39,-15.3292,28.682,55.4,88,0,2.3
219,Wufeng,CN,2021-04-14 23:34:39,27.45,104.8333,48.58,93,89,3.85
220,Chimoio,MZ,2021-04-14 23:34:39,-19.1164,33.4833,64.4,100,20,3.44
221,Proletariy,RU,2021-04-14 23:34:40,58.4342,31.7046,35.15,82,97,8.86
222,Palmas Bellas,PA,2021-04-14 23:34:40,9.2319,-80.0867,82.99,74,97,4.0
223,Aksarka,RU,2021-04-14 23:28:59,66.5606,67.7975,36.21,99,100,13.02
224,Mwene-Ditu,CD,2021-04-14 23:34:40,-7.0,23.45,62.26,96,100,3.76
225,Northam,GB,2021-04-14 23:34:40,51.0333,-4.2167,42.01,82,43,3.0
226,Caiaponia,BR,2021-04-14 23:34:41,-16.9567,-51.8103,69.39,65,33,2.46
227,Togur,RU,2021-04-14 23:34:41,58.3631,82.8265,33.89,99,100,4.7
228,Cayenne,GF,2021-04-14 23:25:00,4.9333,-52.3333,82.0,89,75,3.44
229,Bosaso,SO,2021-04-14 23:34:41,11.2842,49.1816,79.23,68,10,5.82
230,Souillac,MU,2021-04-14 23:38:31,-20.5167,57.5167,78.8,83,40,11.5
231,Sompeta,IN,2021-04-14 23:34:41,18.9333,84.6,79.65,52,76,10.74
232,La Paz,BO,2021-04-14 23:38:32,-16.5,-68.15,47.19,74,67,7.02
233,Grand Gaube,MU,2021-04-14 23:29:12,-20.0064,57.6608,75.99,86,81,1.01
234,Noumea,NC,2021-04-14 23:30:05,-22.2763,166.4572,78.01,83,75,13.8
235,Aklavik,CA,2021-04-14 23:38:32,68.2191,-135.0107,30.2,55,90,4.61
236,Andenes,NO,2021-04-14 23:34:42,69.3143,16.1194,39.2,81,90,24.16
237,Thai Binh,VN,2021-04-14 23:34:42,20.45,106.3333,78.8,89,40,6.91
238,Carnarvon,AU,2021-04-14 23:38:32,-24.8667,113.6333,74.57,44,0,19.26
239,Tuatapere,NZ,2021-04-14 23:36:25,-46.1333,167.6833,60.01,79,58,4.0
240,Primo Tapia,MX,2021-04-14 23:34:43,32.22,-116.9172,62.6,58,90,16.11
241,Oxford,GB,2021-04-14 23:34:43,51.7522,-1.256,35.01,80,0,6.91
242,Yar-Sale,RU,2021-04-14 23:34:43,66.8333,70.8333,35.1,99,100,9.13
243,Abbeville,FR,2021-04-14 23:30:23,50.1,1.8333,37.4,80,0,6.91
244,Kloulklubed,PW,2021-04-14 23:38:33,7.0419,134.2556,75.2,94,90,19.57
245,Sorland,NO,2021-04-14 23:35:27,67.667,12.6934,41.18,85,100,26.44
246,Tomaszow Lubelski,PL,2021-04-14 23:34:43,50.4477,23.4162,33.01,97,100,4.0
247,Payson,US,2021-04-14 23:24:32,40.0444,-111.7321,42.8,75,90,12.66
248,Champerico,GT,2021-04-14 23:34:44,14.3,-91.9167,87.8,62,75,6.91
249,Palmer,US,2021-04-14 23:31:18,42.1584,-72.3287,60.8,55,75,11.5
250,Sola,VU,2021-04-14 23:36:17,-13.8833,167.55,82.99,68,52,12.55
251,Puerto Ayora,EC,2021-04-14 23:35:23,-0.7393,-90.3518,80.6,78,20,13.8
252,Preobrazheniye,RU,2021-04-14 23:34:44,42.9019,133.9064,43.79,41,0,6.2
253,General Pico,AR,2021-04-14 23:34:44,-35.6566,-63.7568,61.95,73,0,8.14
254,Razvilka,RU,2021-04-14 23:34:45,55.5917,37.7408,54.0,53,0,2.24
255,Ust-Kulom,RU,2021-04-14 23:34:45,61.6864,53.6902,48.79,89,93,11.01
256,Mendi,PG,2021-04-14 23:34:45,-6.1761,143.6513,66.58,56,95,3.33
257,Kurchum,KZ,2021-04-14 23:34:45,48.5722,83.6542,38.61,63,78,8.1
258,Abomey,BJ,2021-04-14 23:34:46,7.1829,1.9912,78.82,76,98,8.12
259,Tamiahua,MX,2021-04-14 23:34:46,21.2667,-97.45,80.01,82,96,14.81
260,Oyama,JP,2021-04-14 23:34:46,36.3,139.8,51.01,43,20,11.5
261,Seydi,TM,2021-04-14 23:38:34,39.4816,62.9137,61.99,37,0,6.17
262,Tupiza,BO,2021-04-14 23:34:46,-21.45,-65.7167,58.71,66,76,7.38
263,Osoyoos,CA,2021-04-14 23:34:47,49.0331,-119.4524,68.0,17,0,11.5
264,Svetlogorsk,BY,2021-04-14 23:38:34,52.6333,29.7333,47.39,78,100,3.98
265,Altay,CN,2021-04-14 23:34:47,47.8667,88.1167,38.23,40,92,4.03
266,Petropavlovsk-Kamchatskiy,RU,2021-04-14 23:34:47,53.0452,158.6483,41.0,100,90,4.47
267,Vallenar,CL,2021-04-14 23:38:34,-28.5708,-70.7581,66.72,65,0,1.9
268,Mayor Pablo Lagerenza,PY,2021-04-14 23:34:48,-19.9309,-60.7718,77.34,50,0,4.92
269,Japura,ID,2021-04-14 23:37:24,-0.3167,102.35,74.5,97,99,0.56
270,Busca,IT,2021-04-14 23:34:48,44.5181,7.4743,42.8,87,90,6.91
271,Oistins,BB,2021-04-14 23:34:40,13.0667,-59.5333,78.8,69,40,8.05
272,Samarai,PG,2021-04-14 23:34:48,-10.6167,150.6667,80.04,81,100,10.63
273,Joshimath,IN,2021-04-14 23:34:49,30.5667,79.5667,50.74,49,52,8.55
274,Hornepayne,CA,2021-04-14 23:34:49,49.2138,-84.7705,34.72,95,100,9.89
275,Saint-Philippe,RE,2021-04-14 23:38:35,-21.3585,55.7679,77.0,78,90,6.91
276,Sayansk,RU,2021-04-14 23:34:49,54.1088,102.1648,30.85,95,100,10.69
277,Mamou,GN,2021-04-14 23:34:49,10.5,-12.0,72.79,83,100,5.97
278,Entebbe,UG,2021-04-14 23:34:50,0.0644,32.4469,73.4,83,20,11.5
279,Huarmey,PE,2021-04-14 23:31:42,-10.0681,-78.1522,68.49,83,63,6.51
280,Kavieng,PG,2021-04-14 23:38:36,-2.5744,150.7967,84.0,66,43,6.11
281,Nadadores,MX,2021-04-14 23:34:50,27.05,-101.6,91.4,40,40,5.75
282,Cabo San Lucas,MX,2021-04-14 23:33:48,22.8909,-109.9124,86.0,19,1,9.22
283,Airai,TL,2021-04-14 23:28:44,-8.9266,125.4092,60.57,63,42,1.92
284,San Cristobal,VE,2021-04-14 23:38:36,7.7669,-72.225,82.4,74,40,4.61
285,Touros,BR,2021-04-14 23:38:36,-5.1989,-35.4608,78.8,89,0,4.61
286,Novaya Lyalya,RU,2021-04-14 23:34:51,59.055,60.599,43.83,96,11,7.63
287,Hambantota,LK,2021-04-14 23:34:51,6.1241,81.1185,79.11,81,100,5.59
288,Havre-Saint-Pierre,CA,2021-04-14 23:31:43,50.2334,-63.5986,37.4,81,1,4.61
289,The Valley,AI,2021-04-14 23:38:37,18.217,-63.0578,80.6,78,20,9.22
290,Anshun,CN,2021-04-14 23:34:51,26.25,105.9333,54.14,92,100,2.28
291,San Quintin,MX,2021-04-14 23:34:51,30.4833,-115.95,54.0,13,89,3.0
292,Nova Londrina,BR,2021-04-14 23:34:52,-22.7658,-52.985,74.71,57,3,11.03
293,Chalon-Sur-Saone,FR,2021-04-14 23:34:52,46.7833,4.85,37.4,70,0,6.91
294,Coihaique,CL,2021-04-14 23:28:37,-45.5752,-72.0662,48.2,76,75,12.66
295,Asfi,MA,2021-04-14 23:29:04,32.2994,-9.2372,62.91,93,3,6.08
296,Benbrook,US,2021-04-14 23:33:18,32.6732,-97.4606,69.8,60,90,11.5
297,Okhotsk,RU,2021-04-14 23:38:37,59.3833,143.3,24.53,64,97,11.36
298,Gumdag,TM,2021-04-14 23:34:53,39.2061,54.5906,66.38,33,98,11.05
299,Adrar,MR,2021-04-14 23:34:53,20.5022,-10.0711,77.14,19,42,11.92
300,Lorengau,PG,2021-04-14 23:38:38,-2.0226,147.2712,84.51,66,54,6.38
301,Hokitika,NZ,2021-04-14 23:38:38,-42.7167,170.9667,55.51,88,91,1.43
302,Znamenskoye,RU,2021-04-14 23:34:53,57.1281,73.8282,40.37,99,97,5.28
303,Kaitangata,NZ,2021-04-14 23:38:38,-46.2817,169.8464,62.01,80,80,1.99
304,Poso,ID,2021-04-14 23:34:54,-1.3959,120.7524,79.0,79,93,3.69
305,Pizarro,CO,2021-04-14 23:34:54,4.9533,-77.366,78.69,86,100,3.15
306,Kununurra,AU,2021-04-14 23:38:39,-15.7667,128.7333,69.8,88,48,3.27
307,Oktyabrskoye,RU,2021-04-14 23:34:54,43.0645,44.7417,39.2,93,42,4.47
308,Newton,US,2021-04-14 23:34:02,42.337,-71.2092,52.0,62,20,9.22
309,Mapiripan,CO,2021-04-14 23:34:54,2.8892,-72.1256,72.99,94,100,2.01
310,Nome,US,2021-04-14 23:34:55,64.5011,-165.4064,35.01,86,40,10.36
311,Zhigansk,RU,2021-04-14 23:28:47,66.7697,123.3711,18.52,91,100,8.61
312,Banff,CA,2021-04-14 23:28:48,51.1762,-115.5698,57.2,13,54,4.61
313,Guasdualito,VE,2021-04-14 23:34:55,7.2424,-70.7324,71.15,96,100,1.99
314,Gat,IL,2021-04-14 23:38:39,31.61,34.7642,57.99,65,95,2.53
315,Port Macquarie,AU,2021-04-14 23:34:55,-31.4333,152.9167,75.0,58,55,1.99
316,Clyde River,CA,2021-04-14 23:38:40,70.4692,-68.5914,-2.2,78,20,13.8
317,Majene,ID,2021-04-14 23:32:55,-3.5403,118.9707,80.62,79,48,3.8
318,Zhob,PK,2021-04-14 23:34:56,31.3411,69.4481,65.44,38,100,1.25
319,Mao,ES,2021-04-14 23:34:56,39.8885,4.2658,53.6,76,0,4.61
320,Puerto Madryn,AR,2021-04-14 23:34:10,-42.7692,-65.0385,69.1,49,64,9.4
321,Shimanovsk,RU,2021-04-14 23:34:56,52.0,127.7,34.12,43,27,6.58
322,Mehriz,IR,2021-04-14 23:34:57,31.5917,54.4318,66.2,45,40,6.91
323,Batagay-Alyta,RU,2021-04-14 23:34:57,67.8006,130.4114,5.41,81,26,1.95
324,Salalah,OM,2021-04-14 23:38:40,17.0151,54.0924,78.8,78,40,4.61
325,Kapoeta,SS,2021-04-14 23:34:57,4.7717,33.5903,77.45,59,55,5.01
326,Le Pradet,FR,2021-04-14 23:34:57,43.1066,6.0172,51.01,87,0,4.61
327,Sechura,PE,2021-04-14 23:34:58,-5.5569,-80.8222,74.79,64,86,16.22
328,Igbo Ora,NG,2021-04-14 23:34:58,7.4333,3.2833,78.51,83,76,4.76
329,Maraa,BR,2021-04-14 23:34:58,-1.8333,-65.3667,72.54,99,100,0.27
330,Yeppoon,AU,2021-04-14 23:34:58,-23.1333,150.7333,75.2,57,20,6.91
331,Port Blair,IN,2021-04-14 23:36:39,11.6667,92.75,81.21,77,96,1.99
332,Avera,US,2021-04-14 23:38:41,33.194,-82.5271,80.6,26,90,9.22
333,Ures,MX,2021-04-14 23:34:59,29.4333,-110.4,86.0,24,73,5.99
334,Hovd,MN,2021-04-14 23:38:41,48.0056,91.6419,35.04,32,100,1.92
335,Torquay,GB,2021-04-14 23:34:05,50.4638,-3.5143,44.01,1,64,4.56
336,Sao Joao Da Barra,BR,2021-04-14 23:34:59,-21.6403,-41.0511,71.33,74,21,10.51
337,Mehamn,NO,2021-04-14 23:38:41,71.0357,27.8492,32.0,74,40,19.57
338,Itarema,BR,2021-04-14 23:37:06,-2.9248,-39.9167,79.54,82,38,11.27
339,Patiala,IN,2021-04-14 23:30:14,30.3267,76.4003,74.82,25,21,3.42
340,Koslan,RU,2021-04-14 23:35:00,63.4564,48.8989,36.28,71,100,10.0
341,Srandakan,ID,2021-04-14 23:38:42,-7.9386,110.2506,77.74,84,82,3.15
342,Dingle,PH,2021-04-14 23:38:42,10.9995,122.6711,81.46,76,100,6.22
343,Rivne,UA,2021-04-14 23:33:09,50.6231,26.2274,37.99,95,100,1.99
344,Utiel,ES,2021-04-14 23:35:00,39.5667,-1.2,54.0,84,100,7.02
345,Padang,ID,2021-04-14 23:37:43,-0.9492,100.3543,77.95,86,99,3.36
346,Tamasopo,MX,2021-04-14 23:35:00,21.9333,-99.4833,84.38,37,86,8.7
347,Neryungri,RU,2021-04-14 23:35:01,56.6709,124.6491,24.39,83,100,10.11
348,Santa Rosa,PH,2021-04-14 23:35:01,14.3122,121.1114,84.99,74,20,5.44
349,Korop,UA,2021-04-14 23:35:01,51.5664,32.9586,47.77,89,100,3.85
350,Meulaboh,ID,2021-04-14 23:38:43,4.1363,96.1285,76.71,87,77,3.2
351,Yangjiang,CN,2021-04-14 23:35:01,21.85,111.9667,77.36,78,75,9.89
352,Krasnyy,RU,2021-04-14 23:35:02,54.5678,31.4333,47.07,97,100,9.35
353,Jacqueville,CI,2021-04-14 23:38:43,5.2052,-4.4146,84.2,84,20,9.22
354,Heihe,CN,2021-04-14 23:35:02,50.2441,127.4902,26.6,63,0,2.48
355,Dudinka,RU,2021-04-14 23:35:02,69.4058,86.1778,9.99,95,100,7.14
356,Pacific Grove,US,2021-04-14 23:33:03,36.6177,-121.9166,62.6,48,20,13.8
357,Ishimbay,RU,2021-04-14 23:35:03,53.4545,56.0415,43.14,70,1,3.36
358,Oksfjord,NO,2021-04-14 23:35:03,70.2396,22.3479,30.2,64,20,5.75
359,Moron,AR,2021-04-14 23:35:03,-34.6534,-58.6198,69.01,69,1,5.03
360,Martinho Campos,BR,2021-04-14 23:35:03,-19.3317,-45.2369,66.42,80,43,4.34
361,Mount Gambier,AU,2021-04-14 23:38:44,-37.8333,140.7667,57.2,72,90,8.05
362,Sistranda,NO,2021-04-14 23:35:04,63.7256,8.834,37.4,75,20,12.66
363,Kungalv,SE,2021-04-14 23:35:04,57.871,11.9805,36.0,79,42,3.96
364,Dahra,DZ,2021-04-14 23:35:04,36.2546,0.8519,62.6,77,75,9.22
365,Beberibe,BR,2021-04-14 23:35:05,-4.1797,-38.1306,82.4,83,40,10.36
366,Turayf,SA,2021-04-14 23:35:05,31.6725,38.6637,55.4,33,0,6.91
367,Oranjemund,NA,2021-04-14 23:35:05,-28.55,16.4333,73.56,39,0,5.32
368,Gazli,UZ,2021-04-14 23:35:05,40.1333,63.45,58.26,53,0,5.79
369,Kidal,ML,2021-04-14 23:35:06,18.4411,1.4078,88.11,8,1,10.29
370,Caravelas,BR,2021-04-14 23:28:42,-17.7125,-39.2481,76.78,66,24,10.98
371,Acapulco,MX,2021-04-14 23:35:06,16.8634,-99.8901,82.4,78,90,8.05
372,Hamilton,US,2021-04-14 23:27:20,39.1834,-84.5333,62.01,51,20,5.75
373,Sterling,US,2021-04-14 23:33:54,39.0062,-77.4286,57.2,94,90,1.66
374,Chibombo,ZM,2021-04-14 23:35:06,-14.6569,28.0706,56.73,77,34,3.98
375,Navahrudak,BY,2021-04-14 23:35:07,53.6,25.8333,41.61,98,100,8.21
376,Kushiro,JP,2021-04-14 23:38:08,42.975,144.3747,42.8,36,20,12.66
377,Boyolangu,ID,2021-04-14 23:35:07,-8.1181,111.8935,77.61,84,77,1.25
378,Nazare,BR,2021-04-14 23:35:07,-13.035,-39.0144,71.83,78,73,2.64
379,Katobu,ID,2021-04-14 23:29:05,-4.9408,122.5276,75.74,89,81,1.5
380,Paracuru,BR,2021-04-14 23:35:07,-3.41,-39.0306,82.99,78,81,18.01
381,Pringsewu,ID,2021-04-14 23:35:08,-5.3582,104.9744,74.82,94,90,2.59
382,Tecpan,GT,2021-04-14 23:35:08,14.7623,-90.9947,75.0,88,90,1.79
383,Torrington,US,2021-04-14 23:30:53,41.8007,-73.1212,59.0,71,99,4.5
384,Wilmington Island,US,2021-04-14 23:35:08,32.0036,-80.9737,75.2,57,40,8.05
385,Auki,SB,2021-04-14 23:35:09,-8.7676,160.7034,84.76,69,58,3.27
386,Gander,CA,2021-04-14 23:35:09,48.9682,-54.5906,30.2,100,75,11.5
387,Doha,QA,2021-04-14 23:38:45,25.2867,51.5333,80.6,44,0,10.36
388,Oktyabrskiy,RU,2021-04-14 23:35:09,54.4815,53.471,44.08,83,6,3.42
389,Padilla,CO,2021-04-14 23:35:09,3.2204,-76.3139,78.8,69,75,11.5
390,Sao Filipe,CV,2021-04-14 23:36:25,14.8961,-24.4956,76.8,58,36,16.44
391,Weligama,LK,2021-04-14 23:35:10,5.9667,80.4167,77.67,84,94,0.67
392,Whitehorse,CA,2021-04-14 23:31:27,60.7161,-135.0538,44.6,49,75,21.85
393,Chifeng,CN,2021-04-14 23:35:10,42.2683,118.9636,55.47,18,53,8.99
394,Beloha,MG,2021-04-14 23:35:10,-25.1667,45.05,70.77,97,7,5.08
395,Okha,RU,2021-04-14 23:38:46,53.5739,142.9478,23.68,92,100,20.47
396,Agadez,NE,2021-04-14 23:35:11,19.75,10.25,82.49,8,0,10.13
397,Honiara,SB,2021-04-14 23:35:11,-9.4333,159.95,85.28,70,63,4.32
398,Soloma,GT,2021-04-14 23:35:11,15.7167,-91.45,68.0,68,40,16.11
399,Praia,CV,2021-04-14 23:36:59,14.9215,-23.5087,73.4,60,0,20.71
400,Ust-Kuyga,RU,2021-04-14 23:35:11,70.0167,135.6,8.19,88,39,3.85
401,Valdivia,CL,2021-04-14 23:35:12,-39.8142,-73.2459,59.0,88,75,2.3
402,Rio Grande,BR,2021-04-14 23:29:02,-32.035,-52.0986,68.25,71,0,15.48
403,Port Augusta,AU,2021-04-14 23:35:12,-32.5,137.7667,60.8,59,97,4.61
404,Wollongong,AU,2021-04-14 23:30:49,-34.4333,150.8833,68.0,57,12,1.99
405,Banjar,ID,2021-04-14 23:35:12,-8.19,114.9675,78.8,94,75,18.41
406,Ixtapa,MX,2021-04-14 23:38:47,20.7,-105.2,80.01,69,1,11.5
407,Balikpapan,ID,2021-04-14 23:35:13,-1.2675,116.8289,75.85,91,95,4.34
408,Gidole,ET,2021-04-14 23:35:13,5.65,37.3667,56.12,84,82,2.04
409,Bhatkal,IN,2021-04-14 23:35:13,13.9667,74.5667,81.46,76,9,0.67
410,Sayyan,YE,2021-04-14 23:35:14,15.1718,44.3244,58.6,49,3,2.24
411,Twin Falls,US,2021-04-14 23:35:14,42.3505,-114.6445,42.8,49,90,13.8
412,Tshikapa,CD,2021-04-14 23:35:14,-6.4167,20.8,66.85,96,100,1.97
413,Kondinskoye,RU,2021-04-14 23:35:14,59.6481,67.41,43.75,92,56,10.25
414,Te Anau,NZ,2021-04-14 23:38:48,-45.4167,167.7167,52.18,88,95,5.06
415,Iskateley,RU,2021-04-14 23:35:15,67.6803,53.1512,27.46,87,43,20.33
416,Luderitz,NA,2021-04-14 23:35:15,-26.6481,15.1594,74.73,33,0,5.08
417,Moratuwa,LK,2021-04-14 23:35:15,6.773,79.8816,77.0,88,20,3.44
418,Placido De Castro,BR,2021-04-14 23:35:15,-10.3353,-67.1856,75.99,90,100,1.16
419,Lulea,SE,2021-04-14 23:35:16,65.5842,22.1547,30.2,64,32,6.91
420,Cuamba,MZ,2021-04-14 23:35:16,-14.8031,36.5372,62.02,95,51,4.21
421,Mackay,AU,2021-04-14 23:38:48,-21.15,149.2,78.01,69,4,13.8
422,Dourbali,TD,2021-04-14 23:33:06,11.8091,15.8632,83.34,7,99,8.72
423,Olinda,BR,2021-04-14 23:35:16,-8.0089,-34.8553,80.6,74,75,5.75
424,Vardo,NO,2021-04-14 23:38:49,70.3705,31.1107,28.4,86,20,31.07
425,Kalmunai,LK,2021-04-14 23:35:17,7.4167,81.8167,77.81,85,99,7.96
426,Los Banos,PH,2021-04-14 23:35:17,14.1667,121.1833,84.99,74,20,5.23
427,Suntar,RU,2021-04-14 23:35:17,62.1444,117.6319,23.81,93,94,0.29
428,Polunochnoye,RU,2021-04-14 23:35:17,60.8697,60.4153,47.03,65,98,10.96
429,Camacha,PT,2021-04-14 23:37:48,33.0833,-16.3333,62.6,88,40,9.22
430,Imbituba,BR,2021-04-14 23:35:18,-28.24,-48.6703,71.6,78,75,3.44
431,Vostok,RU,2021-04-14 23:35:18,46.4856,135.8833,30.58,36,33,12.24
432,Gizo,SB,2021-04-14 23:38:49,-8.103,156.8419,84.34,70,93,10.0
433,La Asuncion,VE,2021-04-14 23:35:18,11.0333,-63.8628,79.09,86,100,14.07
434,Raga,SS,2021-04-14 23:29:10,8.4596,25.678,78.33,10,8,3.06
435,Pingdu,CN,2021-04-14 23:35:19,36.7844,119.9464,51.8,66,0,11.18
436,Beidao,CN,2021-04-14 23:32:02,34.5686,105.8933,52.7,76,100,1.21
437,Derzhavinsk,KZ,2021-04-14 23:35:19,51.1,66.3167,36.99,56,10,8.23
438,Waddan,LY,2021-04-14 23:38:17,29.1614,16.139,62.38,48,100,3.29
439,Pangnirtung,CA,2021-04-14 23:38:50,66.1451,-65.7125,10.4,79,75,8.05
440,Anjiang,CN,2021-04-14 23:33:17,27.3194,110.1031,58.12,96,100,2.66
441,Coquimbo,CL,2021-04-14 23:34:06,-29.9533,-71.3436,59.0,88,90,8.05
442,Athabasca,CA,2021-04-14 23:35:19,54.7169,-113.2854,60.8,16,60,3.44
443,Chimbote,PE,2021-04-14 23:35:20,-9.0853,-78.5783,67.23,86,80,6.89
444,Strezhevoy,RU,2021-04-14 23:35:20,60.7333,77.5889,39.2,81,0,8.95
445,Constitucion,CL,2021-04-14 23:25:56,-35.3333,-72.4167,57.22,89,25,12.1
446,Umm Kaddadah,SD,2021-04-14 23:35:20,13.6017,26.6876,73.09,10,1,13.6
447,Pemberton,CA,2021-04-14 23:35:20,50.3164,-122.8027,68.0,10,1,4.61
448,Taoudenni,ML,2021-04-14 23:28:53,22.6783,-3.9836,88.65,12,9,11.54
449,Hami,CN,2021-04-14 23:37:26,42.8,93.45,45.72,17,0,12.37
450,Iquique,CL,2021-04-14 23:33:58,-20.2208,-70.1431,66.2,68,20,10.36
451,Komsomolskiy,UZ,2021-04-14 23:29:17,40.4272,71.7189,53.6,76,100,4.79
452,Mathathane,BW,2021-04-14 23:35:21,-22.2687,28.7495,69.33,40,1,5.21
453,Artyom,AZ,2021-04-14 23:35:21,40.4723,50.333,46.4,87,0,4.61
454,Maksatikha,RU,2021-04-14 23:35:22,57.797,35.8825,42.91,91,100,8.12
455,San Jose,US,2021-04-14 23:30:41,37.3394,-121.895,72.0,23,20,13.8
456,Bakchar,RU,2021-04-14 23:35:22,57.0186,82.0711,35.4,99,100,3.15
457,Puerto Baquerizo Moreno,EC,2021-04-14 23:35:22,-0.9,-89.6,82.4,78,20,11.5
458,Milyutinskaya,RU,2021-04-14 23:35:22,48.6279,41.6679,51.08,86,99,5.44
459,Hitoyoshi,JP,2021-04-14 23:35:23,32.2167,130.75,51.8,76,0,4.61
460,Broken Hill,AU,2021-04-14 23:35:23,-31.95,141.4333,59.0,55,45,9.22
461,Saint-Dizier,FR,2021-04-14 23:35:23,48.4167,5.0833,33.8,69,0,2.3
462,Wageningen,NL,2021-04-14 23:38:51,51.9667,5.6667,39.0,86,90,4.61
463,Pemba,MZ,2021-04-14 23:35:24,-12.974,40.5178,71.6,83,20,5.75
464,Yurimaguas,PE,2021-04-14 23:35:24,-5.9,-76.0833,75.2,94,40,3.44
465,Ballina,AU,2021-04-14 23:35:23,-28.8667,153.5667,73.4,60,0,2.3
466,Kruisfontein,ZA,2021-04-14 23:38:52,-34.0033,24.7314,60.01,96,60,1.01
467,Severo-Yeniseyskiy,RU,2021-04-14 23:35:24,60.3725,93.0408,15.69,96,99,4.29
468,Leningradskiy,RU,2021-04-14 23:36:49,69.3833,178.4167,13.32,88,93,5.26
469,Bronkhorstspruit,ZA,2021-04-14 23:35:25,-25.8102,28.7425,66.99,58,78,3.44
470,Barraute,CA,2021-04-14 23:35:25,48.4335,-77.6328,53.6,43,40,6.91
471,Viet Tri,VN,2021-04-14 23:35:25,21.3019,105.4308,77.0,94,75,5.75
472,Korem,ET,2021-04-14 23:35:25,12.5058,39.5228,56.34,77,73,1.01
473,Yumen,CN,2021-04-14 23:35:26,40.2833,97.2,36.34,17,23,11.36
474,Valle De Allende,MX,2021-04-14 23:35:26,26.9333,-105.4,86.77,4,4,22.12
475,Ngunguru,NZ,2021-04-14 23:38:52,-35.6167,174.5,69.01,70,14,8.99
476,Alpena,US,2021-04-14 23:35:26,45.0617,-83.4327,37.4,93,90,5.75
477,Bay Roberts,CA,2021-04-14 23:35:26,47.5999,-53.2648,33.01,95,100,5.99
478,Mulege,MX,2021-04-14 23:35:27,26.8833,-111.9833,80.29,33,77,5.28
479,Husavik,IS,2021-04-14 23:29:14,66.0449,-17.3389,41.0,70,40,3.44
480,Brive-La-Gaillarde,FR,2021-04-14 23:33:18,45.25,1.5,37.0,65,0,8.01
481,Qasigiannguit,GL,2021-04-14 23:29:11,68.8193,-51.1922,15.8,67,75,17.27
482,Hofn,IS,2021-04-14 23:38:53,64.2539,-15.2082,43.34,87,50,9.71
483,Razole,IN,2021-04-14 23:35:27,16.4833,81.8333,74.48,93,99,4.18
484,Volovo,UA,2021-04-14 23:35:27,48.5246,23.5056,36.0,88,100,1.01
485,Muisne,EC,2021-04-14 23:29:01,0.6,-80.0333,80.6,83,75,9.22
486,Zhezkazgan,KZ,2021-04-14 23:35:28,47.8043,67.7144,45.93,57,0,13.69
487,Taveta,KE,2021-04-14 23:35:28,-3.3963,37.6736,69.78,94,87,3.49
488,Kilindoni,TZ,2021-04-14 23:35:28,-7.9139,39.6668,80.01,80,100,11.25
489,Innisfail,AU,2021-04-14 23:35:28,-17.5333,146.0333,78.08,74,63,7.99
490,Sangar,RU,2021-04-14 23:35:29,63.9242,127.4739,14.63,87,92,3.29
491,Pasan,IN,2021-04-14 23:35:29,22.85,82.2,69.62,45,77,4.36
492,Zhucheng,CN,2021-04-14 23:35:29,35.9947,119.3975,53.28,54,84,11.81
493,Byron Bay,AU,2021-04-14 23:31:36,-28.65,153.6167,73.4,60,0,2.3
494,Fort Nelson,CA,2021-04-14 23:38:32,58.8053,-122.7002,59.0,26,20,5.75
495,Sri Aman,MY,2021-04-14 23:35:30,1.2376,111.4621,73.4,100,99,1.14
496,Sinnamary,GF,2021-04-14 23:35:30,5.3833,-52.95,78.66,89,88,9.86
497,Richards Bay,ZA,2021-04-14 23:35:30,-28.783,32.0377,74.71,88,55,9.1
498,Ligayan,PH,2021-04-14 23:35:30,4.6533,119.4706,81.54,78,56,9.75
499,Aden,YE,2021-04-14 23:37:31,12.7794,45.0367,80.26,73,5,11.52
500,Morondava,MG,2021-04-14 23:35:31,-20.2833,44.2833,75.4,89,3,6.11
501,Waipawa,NZ,2021-04-14 23:38:54,-41.4122,175.5153,64.0,67,92,16.11
502,Roald,NO,2021-04-14 23:38:54,62.5833,6.1333,39.2,75,90,9.22
503,Woodward,US,2021-04-14 23:32:44,36.4337,-99.3904,59.0,41,90,14.97
504,Kensington,AU,2021-04-14 23:35:31,-33.9167,151.2167,71.01,37,0,10.36
505,Mareeba,AU,2021-04-14 23:38:55,-17.0,145.4333,84.0,69,13,9.22
506,Ostrovnoy,RU,2021-04-14 23:29:03,68.0531,39.5131,28.58,81,77,28.39
507,Santa Maria,BR,2021-04-14 23:35:32,-29.6842,-53.8069,71.6,88,40,2.3
508,Marzuq,YE,2021-04-14 23:29:13,14.4,46.4667,67.89,60,7,5.66
509,Makokou,GA,2021-04-14 23:35:32,0.5738,12.8642,70.02,98,100,1.9
510,Vanavara,RU,2021-04-14 23:35:32,60.34,102.2797,22.64,83,32,6.02
511,Suez,EG,2021-04-14 23:35:32,29.9737,32.5263,60.57,58,5,9.08
512,Dustlik,UZ,2021-04-14 23:35:33,40.5247,68.0358,55.4,50,11,7.0
513,Road Town,VG,2021-04-14 23:35:17,18.4167,-64.6167,78.8,78,40,9.22
514,Lyuban,BY,2021-04-14 23:35:33,52.7985,28.0048,45.43,95,100,3.44
515,Los Llanos De Aridane,ES,2021-04-14 23:35:33,28.6585,-17.9182,68.0,68,0,4.61
516,Pontiac,US,2021-04-14 23:34:08,42.6389,-83.2911,48.2,46,75,14.97
517,Natal,BR,2021-04-14 23:33:49,-5.795,-35.2094,82.4,78,20,9.22
518,Atar,MR,2021-04-14 23:38:56,20.5169,-13.0499,78.75,20,36,9.1
519,Broome,US,2021-04-14 23:38:38,42.2506,-75.833,60.01,71,90,4.61
520,Kaseda,JP,2021-04-14 23:35:34,31.4167,130.3167,48.2,76,0,4.61
521,Turukhansk,RU,2021-04-14 23:35:34,65.8167,87.9833,15.4,94,99,14.36
522,Kazanka,UA,2021-04-14 23:35:34,47.8462,32.8218,46.4,81,90,4.47
523,Biak,ID,2021-04-14 23:28:59,-0.9131,122.8766,76.1,86,99,3.98
524,Vila Franca Do Campo,PT,2021-04-14 23:28:57,37.7167,-25.4333,59.0,82,20,2.3
525,Galesong,ID,2021-04-14 23:35:35,-5.3166,119.3661,73.4,94,20,2.3
526,Shihezi,CN,2021-04-14 23:35:35,44.3,86.0333,49.91,30,0,7.52
527,Lashio,MM,2021-04-14 23:35:35,22.9333,97.75,68.11,29,86,0.74
528,Elizabeth City,US,2021-04-14 23:35:36,36.2946,-76.2511,66.2,55,1,10.36
529,Palauig,PH,2021-04-14 23:35:36,15.435,119.9045,83.16,66,57,0.96
530,Santiago Del Estero,AR,2021-04-14 23:35:36,-27.7951,-64.2615,75.76,57,61,5.79
531,Henties Bay,NA,2021-04-14 23:38:56,-22.116,14.2845,79.0,29,0,5.01
532,Lodja,CD,2021-04-14 23:35:36,-3.4833,23.4333,66.81,98,91,2.3
533,Katherine,AU,2021-04-14 23:38:57,-14.4667,132.2667,73.4,73,79,3.44
534,Tongren,CN,2021-04-14 23:38:57,27.7172,109.1853,56.62,94,99,2.01
535,Pio Xii,BR,2021-04-14 23:35:37,-3.8325,-45.1525,75.7,93,97,3.56
536,Atambua,ID,2021-04-14 23:35:37,-9.1061,124.8925,76.1,66,27,3.13
537,Minbu,MM,2021-04-14 23:35:37,20.1833,94.8833,81.91,54,76,4.63
538,Bairnsdale,AU,2021-04-14 23:35:38,-37.8333,147.6167,63.0,56,0,1.99
539,Sobolevo,RU,2021-04-14 23:30:47,54.4299,31.8996,47.64,96,100,8.9
540,Naze,JP,2021-04-14 23:28:57,28.3667,129.4833,69.8,64,75,18.41
541,Evensk,RU,2021-04-14 23:35:38,61.95,159.2333,17.71,81,100,14.92
542,Fomboni,KM,2021-04-14 23:31:54,-12.28,43.7425,82.83,71,100,7.9
543,Kenai,US,2021-04-14 23:37:20,60.5544,-151.2583,42.8,75,75,8.05
544,Muzhi,RU,2021-04-14 23:35:38,65.3667,64.6667,36.95,74,100,22.66
545,Miracema Do Tocantins,BR,2021-04-14 23:35:39,-9.5618,-48.3967,75.92,86,99,2.37
546,Trinidad,BO,2021-04-14 23:29:09,-14.8333,-64.9,76.1,84,27,2.53
547,Kalevala,RU,2021-04-14 23:35:39,65.2,31.1667,27.1,93,13,4.88
548,Machali,CL,2021-04-14 23:35:39,-34.1833,-70.6667,73.4,46,0,8.05
549,Provideniya,RU,2021-04-14 23:35:04,64.3833,-173.3,19.4,68,0,4.47
550,Chapais,CA,2021-04-14 23:31:15,49.7834,-74.8492,59.0,26,1,6.91
551,Nkan,GA,2021-04-14 23:35:40,0.3833,9.7833,75.2,94,20,4.61
552,Saint-Pierre,RE,2021-04-14 23:31:06,-21.3393,55.4781,77.0,78,90,6.91
553,Phayakkhaphum Phisai,TH,2021-04-14 23:35:40,15.5163,103.1937,79.0,100,89,3.44
554,Mananjary,MG,2021-04-14 23:35:40,-21.2167,48.3333,72.88,93,100,4.07
555,Campina Grande Do Sul,BR,2021-04-14 23:35:40,-25.3056,-49.0553,63.0,88,75,8.05
556,Bilma,NE,2021-04-14 23:35:41,18.6853,12.9164,83.01,8,0,10.09
557,Deputatskiy,RU,2021-04-14 23:35:41,69.3,139.9,-3.3,99,100,3.91
558,Hasaki,JP,2021-04-14 23:38:59,35.7333,140.8333,50.0,53,20,16.11
559,Haines Junction,CA,2021-04-14 23:35:41,60.7522,-137.5108,44.6,42,97,5.75
560,College,US,2021-04-14 23:24:40,64.8569,-147.8028,48.2,40,75,4.61
561,Quang Ngai,VN,2021-04-14 23:35:42,15.1167,108.8,76.46,80,89,3.02
562,Nuevo Progreso,MX,2021-04-14 23:35:42,23.1667,-97.95,84.0,62,27,5.01
563,Ous,RU,2021-04-14 23:35:42,60.9058,61.5186,46.76,76,50,10.67
564,Mandera,KE,2021-04-14 23:35:42,3.9366,41.867,84.63,55,65,13.65
565,Harper,LR,2021-04-14 23:31:39,4.375,-7.7169,81.07,80,84,6.76
566,Tahoua,NE,2021-04-14 23:35:43,14.8888,5.2692,83.12,6,8,9.04
567,Denia,ES,2021-04-14 23:35:43,38.8408,0.1057,55.0,82,100,9.31
568,Novaya Ladoga,RU,2021-04-14 23:35:43,60.1025,32.3019,35.01,37,100,8.3
569,Dickinson,US,2021-04-14 23:35:43,29.4608,-95.0513,71.6,88,90,12.66
570,Snyder,US,2021-04-14 23:35:44,32.7179,-100.9176,50.0,100,90,12.66
571,Aquiraz,BR,2021-04-14 23:35:44,-3.9014,-38.3911,82.4,83,40,10.36
572,Khandyga,RU,2021-04-14 23:35:44,62.6667,135.6,10.0,82,46,1.39
573,Nelson Bay,AU,2021-04-14 23:31:18,-32.7167,152.15,73.0,49,0,6.91
574,Harindanga,IN,2021-04-14 23:35:45,22.0383,88.3214,80.6,94,40,8.05
575,Ust-Uda,RU,2021-04-14 23:35:45,54.1742,103.0304,30.78,96,100,3.47
576,Nabire,ID,2021-04-14 23:35:45,-3.3667,135.4833,79.45,76,100,3.09
577,Elizabethtown,US,2021-04-14 23:35:45,37.694,-85.8591,54.0,76,90,4.61
578,Quatre Cocos,MU,2021-04-14 23:37:01,-20.2078,57.7625,78.8,83,40,11.5
579,Sembe,CG,2021-04-14 23:35:46,1.6481,14.5806,70.81,98,98,2.3
580,Margate,GB,2021-04-14 23:35:46,51.3813,1.3862,41.0,67,13,1.99
581,Payo,ID,2021-04-14 23:35:46,-3.7508,103.6372,73.33,95,95,0.98
582,Kongoussi,BF,2021-04-14 23:35:46,13.3258,-1.5347,88.16,21,42,5.32
583,Tocopilla,CL,2021-04-14 23:35:47,-22.092,-70.1979,67.35,71,25,6.8
